Sequence ID,Similarity
7a3y_A,0.7692307692307693
4nfo_C,0.6875
1koc_B,0.6428571428571429
1am0_A,0.625
1ykv_A,0.6153846153846154
6va2_A,0.6153846153846154
3l3c_H,0.6153846153846154
2nz4_F,0.6153846153846154
2nz4_G,0.6153846153846154
6va3_A,0.6153846153846154
3g8t_E,0.6153846153846154
7edt_A,0.6153846153846154
1yls_C,0.6153846153846154
3g96_F,0.6153846153846154
3g8t_H,0.6153846153846154
1yls_A,0.6153846153846154
1ykv_C,0.6153846153846154
2nz4_H,0.6153846153846154
3l3c_G,0.6153846153846154
8i43_A,0.5789473684210527
8i45_A,0.5789473684210527
7kuo_B,0.5714285714285714
5ued_B,0.5714285714285714
5ued_A,0.5714285714285714
8sx5_B,0.5714285714285714
6jji_B,0.5714285714285714
7kup_A,0.5714285714285714
8sy1_C,0.5714285714285714
7kum_A,0.5714285714285714
1kod_B,0.5714285714285714
8swg_B,0.5714285714285714
8sy1_B,0.5714285714285714
6c8e_B,0.5714285714285714
8sx5_A,0.5714285714285714
7kun_A,0.5714285714285714
8swg_A,0.5714285714285714
8swo_B,0.5714285714285714
5ueg_D,0.5714285714285714
6c8k_B,0.5714285714285714
6c8e_A,0.5714285714285714
5uee_B,0.5714285714285714
7kun_B,0.5714285714285714
8sxl_A,0.5714285714285714
6u8u_A,0.5714285714285714
6u8u_B,0.5714285714285714
8swo_A,0.5714285714285714
7kuk_A,0.5714285714285714
8sy1_D,0.5714285714285714
6c8k_A,0.5714285714285714
5ueg_C,0.5714285714285714
8sx6_B,0.5714285714285714
5ueg_B,0.5714285714285714
5uee_A,0.5714285714285714
6c8m_A,0.5714285714285714
7kuo_A,0.5714285714285714
7kum_B,0.5714285714285714
5ueg_A,0.5714285714285714
7kuk_B,0.5714285714285714
6xrq_A,0.5714285714285714
6c8l_A,0.5714285714285714
6c8l_B,0.5714285714285714
7kup_B,0.5714285714285714
5vjb_B,0.5625
5vj9_B,0.5625
1mwl_A,0.5555555555555556
3tzr_A,0.55
7d12_A,0.55
7fj0_A,0.55
7lng_A,0.5384615384615384
7lnf_A,0.5384615384615384
5v1l_B,0.5384615384615384
2kd4_B,0.5384615384615384
8r63_B,0.5384615384615384
7lnf_B,0.5384615384615384
5ux3_B,0.5384615384615384
8r8p_B,0.5384615384615384
6hmo_A,0.5384615384615384
7lne_A,0.5384615384615384
2kd4_A,0.5384615384615384
6qiv_A,0.5384615384615384
3g9c_E,0.5384615384615384
5xi1_S,0.5384615384615384
8r62_A,0.5384615384615384
7lne_B,0.5384615384615384
6va4_B,0.5384615384615384
8cf2_A,0.5384615384615384
7lng_B,0.5384615384615384
7u87_B,0.5333333333333333
6c8o_A,0.5333333333333333
6u6j_B,0.5333333333333333
8vaw_A,0.5333333333333333
5krg_A,0.5333333333333333
7u88_A,0.5333333333333333
7u89_A,0.5333333333333333
7u8a_A,0.5333333333333333
2a04_A,0.5333333333333333
8vax_BBB,0.5333333333333333
2a04_C,0.5333333333333333
7u8b_A,0.5333333333333333
6u6j_A,0.5333333333333333
8vaw_B,0.5333333333333333
7u88_B,0.5333333333333333
7u89_B,0.5333333333333333
6c8o_B,0.5333333333333333
1zz5_A,0.5333333333333333
7u87_A,0.5333333333333333
5v0h_A,0.5333333333333333
7u8a_B,0.5333333333333333
5krg_D,0.5333333333333333
1zz5_C,0.5333333333333333
2oe8_B,0.5294117647058824
2oe5_B,0.5294117647058824
8i46_A,0.5263157894736842
5z1h_A,0.5263157894736842
1fuf_B,0.5
1nta_A,0.5
7fhi_A,0.5
1ntb_A,0.5
3b4c_A,0.5
3b4b_A,0.5
6ymj_O,0.48
6ymj_C,0.48
6ymi_C,0.48
6ymi_I,0.48
2pwt_A,0.47619047619047616
2bee_B,0.47619047619047616
1j7t_A,0.47619047619047616
2f4s_B,0.47619047619047616
2et4_B,0.47619047619047616
1lc4_A,0.47619047619047616
2esj_B,0.47619047619047616
3wru_A,0.47619047619047616
2bee_A,0.47619047619047616
4p20_B,0.47619047619047616
2f4u_B,0.47619047619047616
3s4p_A,0.47619047619047616
2pwt_B,0.47619047619047616
2et3_A,0.47619047619047616
2o3x_B,0.47619047619047616
2o3w_B,0.47619047619047616
7edm_B,0.47619047619047616
2ho7_A,0.47619047619047616
2esj_A,0.47619047619047616
3wru_B,0.47619047619047616
4f8v_B,0.47619047619047616
7edl_B,0.47619047619047616
5zei_B,0.47619047619047616
2et8_B,0.47619047619047616
2be0_A,0.47619047619047616
1j7t_B,0.47619047619047616
3s4p_B,0.47619047619047616
4p20_A,0.47619047619047616
4f8v_A,0.47619047619047616
2et4_A,0.47619047619047616
1lc4_B,0.47619047619047616
4f8u_B,0.47619047619047616
2be0_B,0.47619047619047616
2et3_B,0.47619047619047616
4p3s_A,0.47619047619047616
8i44_A,0.47368421052631576
6ylb_I,0.46153846153846156
6ymk_I,0.46153846153846156
6ymm_C,0.46153846153846156
6ymi_O,0.46153846153846156
6yl5_K,0.46153846153846156
6ylb_C,0.46153846153846156
1i2y_D,0.46153846153846156
6ymk_C,0.46153846153846156
6yl5_G,0.46153846153846156
6yml_C,0.46153846153846156
6ymj_I,0.46153846153846156
3mij_A,0.46153846153846156
6ylb_O,0.46153846153846156
6ymk_O,0.46153846153846156
6yl5_C,0.46153846153846156
8hb3_A,0.4583333333333333
5xz1_C,0.45454545454545453
2o3y_A,0.45454545454545453
3b4a_A,0.45454545454545453
5z71_B,0.45454545454545453
6u8f_A,0.45454545454545453
1yrj_B,0.45454545454545453
4gpy_A,0.45454545454545453
7edl_A,0.45454545454545453
5xz1_B,0.45454545454545453
5xz1_A,0.45454545454545453
4f8u_A,0.45454545454545453
6jbg_B,0.45454545454545453
2g5k_A,0.45454545454545453
5zei_A,0.45454545454545453
2o3v_A,0.45454545454545453
2g5k_B,0.45454545454545453
5zej_B,0.45454545454545453
1ei2_A,0.44
2kgp_A,0.44
3td1_B,0.43478260869565216
2f4t_B,0.43478260869565216
2esi_A,0.43478260869565216
3bnq_C,0.43478260869565216
4pdq_B,0.43478260869565216
6jbf_B,0.43478260869565216
3bnr_C,0.43478260869565216
1yrj_A,0.43478260869565216
4gpx_B,0.42857142857142855
4zc7_C,0.42857142857142855
4k32_B,0.42857142857142855
4k32_A,0.42857142857142855
4zc7_A,0.42857142857142855
4gpx_A,0.42857142857142855
5z1i_A,0.42857142857142855
5v3f_B,0.42105263157894735
1f27_A,0.42105263157894735
1arj_N,0.41379310344827586
1uui_B,0.41379310344827586
1uud_B,0.41379310344827586
1uts_B,0.41379310344827586
4gpw_A,0.4090909090909091
4k31_B,0.4090909090909091
5vcf_A,0.4090909090909091
5vci_A,0.4090909090909091
4k31_C,0.4090909090909091
2kxm_A,0.4074074074074074
2mxs_A,0.4074074074074074
2n0j_A,0.4074074074074074
2m4q_1,0.4074074074074074
2lwk_A,0.40625
5v0o_A,0.4
5v9z_A,0.4
1xpf_A,0.391304347826087
6hbt_A,0.3888888888888889
6hc5_A,0.3888888888888889
1lvj_A,0.3870967741935484
1n7b_H,0.38461538461538464
1j8g_A,0.38461538461538464
1n7b_B,0.38461538461538464
1n7a_B,0.38461538461538464
1n7a_H,0.38461538461538464
5lwj_A,0.38235294117647056
1fyp_A,0.37037037037037035
6v9b_D,0.37037037037037035
6v9d_E,0.37037037037037035
3k1v_A,0.36666666666666664
8hb1_B,0.36666666666666664
1akx_A,0.36666666666666664
1aju_A,0.36666666666666664
1eht_A,0.36363636363636365
2juk_A,0.36363636363636365
1o15_A,0.36363636363636365
8hb3_B,0.3548387096774194
8i3z_B,0.3548387096774194
3fu2_C,0.34375
3fu2_A,0.34375
6az4_A,0.34375
2ktz_A,0.34210526315789475
2ku0_A,0.34210526315789475
7rwr_A,0.34210526315789475
8d2a_B,0.3333333333333333
8d28_B,0.3333333333333333
8d2b_B,0.3333333333333333
8d2a_A,0.3333333333333333
1raw_A,0.3333333333333333
8d5l_D,0.3333333333333333
8d5l_B,0.3333333333333333
8d5o_A,0.3333333333333333
8d5o_B,0.3333333333333333
3fu2_B,0.3333333333333333
8d28_A,0.3333333333333333
8d2b_A,0.3333333333333333
8d5l_A,0.3333333333333333
8d5l_C,0.3333333333333333
5v3f_A,0.3225806451612903
6xb7_A,0.3170731707317073
2au4_A,0.3170731707317073
1f1t_A,0.3157894736842105
1q8n_A,0.3157894736842105
5dhb_A,0.3076923076923077
5hbw_A,0.3076923076923077
5dhb_D,0.3076923076923077
5hbw_B,0.3076923076923077
6u89_A,0.3076923076923077
5dhb_C,0.3076923076923077
5dhb_B,0.3076923076923077
6e8u_B,0.3055555555555556
5bjo_Y,0.3055555555555556
8u5t_C,0.3055555555555556
8u5z_B,0.3055555555555556
6e84_A,0.3055555555555556
2l1v_A,0.3055555555555556
6e8t_C,0.3055555555555556
8u5z_C,0.3055555555555556
5bjp_Y,0.3055555555555556
8u5t_A,0.3055555555555556
6e82_A,0.3055555555555556
6e81_A,0.3055555555555556
8u5t_B,0.3055555555555556
6e8t_B,0.3055555555555556
7mkt_A,0.30434782608695654
6hag_A,0.3023255813953488
6pq7_C,0.2972972972972973
6up0_C,0.2894736842105263
6up0_D,0.2894736842105263
7dwh_Y,0.28888888888888886
7dwh_X,0.28888888888888886
1fmn_A,0.2857142857142857
8u60_C,0.2857142857142857
2kx8_A,0.2857142857142857
6c65_C,0.2857142857142857
6c63_C,0.28125
7e9e_A,0.28125
8u60_A,0.2777777777777778
8u60_B,0.2777777777777778
6c65_A,0.2777777777777778
6c65_B,0.2777777777777778
4ts2_Y,0.2765957446808511
6e1v_A,0.2727272727272727
6e1w_A,0.2727272727272727
3gca_A,0.2727272727272727
3q50_A,0.2727272727272727
6e1u_A,0.2727272727272727
7e9i_A,0.2727272727272727
6vui_A,0.2727272727272727
6e1s_A,0.2727272727272727
6gzr_A,0.2708333333333333
6gzk_A,0.2708333333333333
8fza_A,0.26666666666666666
2l94_A,0.26666666666666666
7elp_B,0.26666666666666666
3npq_B,0.2653061224489796
3npn_A,0.26
3npq_C,0.26
7oax_B,0.2549019607843137
7oax_C,0.2549019607843137
7oav_C,0.2549019607843137
7oaw_D,0.2549019607843137
7oaw_B,0.2549019607843137
7oav_B,0.2549019607843137
7oax_A,0.2549019607843137
7oav_A,0.2549019607843137
7oa3_B,0.2549019607843137
3npq_A,0.2549019607843137
7oaw_C,0.2549019607843137
7oav_D,0.2549019607843137
7oax_D,0.2549019607843137
7oa3_A,0.2549019607843137
7oaw_A,0.2549019607843137
6c64_A,0.25
8u5k_C,0.25
7eog_A,0.25
7eon_A,0.25
8fza_B,0.25
6fz0_A,0.25
7eop_A,0.25
7eom_A,0.25
2qwy_B,0.25
6c63_B,0.25
8u5k_B,0.25
8u5k_A,0.25
8u5p_A,0.25
7eok_A,0.25
7eoo_A,0.25
6c63_A,0.25
2qwy_C,0.25
6c64_B,0.25
8eyw_B,0.25
7eol_A,0.25
2qwy_A,0.25
3e5f_A,0.24528301886792453
3e5e_A,0.24528301886792453
3e5c_A,0.24528301886792453
8f0n_B,0.24489795918367346
7eoj_A,0.24489795918367346
7eoi_A,0.24489795918367346
8eyu_A,0.24489795918367346
7eoh_A,0.24489795918367346
8f0n_A,0.24489795918367346
8eyv_A,0.24444444444444444
8eyw_A,0.24444444444444444
8eyu_B,0.24444444444444444
8eyv_B,0.24444444444444444
6lau_A,0.24074074074074073
6g7z_B,0.24074074074074073
7d82_A,0.24
7d81_A,0.24
6las_B,0.23636363636363636
6lau_B,0.23636363636363636
6lax_A,0.23636363636363636
6las_A,0.23636363636363636
6lax_B,0.23636363636363636
6laz_A,0.23636363636363636
6laz_B,0.23636363636363636
7d7z_A,0.23529411764705882
7d7w_A,0.23529411764705882
7d7y_A,0.23529411764705882
7d7x_A,0.23529411764705882
8g7e_R,0.23404255319148937
8g4w_R,0.23404255319148937
3f4g_Y,0.23214285714285715
3f4h_Y,0.23214285714285715
6dn3_Y,0.23214285714285715
3f4e_Y,0.23214285714285715
6dn2_Y,0.23214285714285715
6uej_B,0.23076923076923078
8g8z_R,0.22916666666666666
8hba_A,0.22916666666666666
7d7v_A,0.22807017543859648
6dn1_Z,0.22807017543859648
6wzr_B,0.22807017543859648
2yie_Z,0.22807017543859648
5kx9_X,0.22641509433962265
6bfb_X,0.2222222222222222
5c45_X,0.2222222222222222
8hba_B,0.22
7wif_V,0.22
7wii_V,0.22
7wib_V,0.22
6db8_R,0.21666666666666667
6wzs_B,0.21666666666666667
8gxc_A,0.21311475409836064
8gxb_A,0.21311475409836064
8gxb_B,0.21311475409836064
8gxc_B,0.21311475409836064
6tf3_A,0.21153846153846154
6tf1_A,0.21153846153846154
6tb7_A,0.21153846153846154
6tf2_A,0.21153846153846154
6tfg_A,0.21153846153846154
6tfh_A,0.21153846153846154
6tfe_A,0.21153846153846154
6tff_A,0.21153846153846154
6tf0_A,0.21153846153846154
5btp_B,0.20967741935483872
6od9_B,0.20967741935483872
6wzs_A,0.20967741935483872
6od9_A,0.20967741935483872
5btp_A,0.20967741935483872
3fo4_A,0.20634920634920634
2miy_A,0.2033898305084746
8f4o_B,0.203125
6wzr_A,0.203125
3egz_B,0.2
8hb8_A,0.2
3gog_A,0.2
3skr_B,0.19696969696969696
3skl_B,0.19696969696969696
3skw_B,0.19696969696969696
3skt_B,0.19696969696969696
3skl_A,0.19696969696969696
3skw_A,0.19696969696969696
3skt_A,0.19696969696969696
4znp_B,0.19696969696969696
3skr_A,0.19696969696969696
3rkf_C,0.19402985074626866
6uc8_B,0.19402985074626866
7szu_R,0.19402985074626866
7u0y_R,0.19402985074626866
6uc7_B,0.19402985074626866
3fo6_A,0.19402985074626866
3rkf_D,0.19402985074626866
2tra_A,0.19402985074626866
3ges_A,0.19402985074626866
3ds7_A,0.19402985074626866
3rkf_B,0.19402985074626866
6uc9_B,0.19402985074626866
3rkf_A,0.19402985074626866
3ger_A,0.19402985074626866
3ds7_B,0.19402985074626866
3slm_B,0.19117647058823528
3slq_B,0.19117647058823528
3skz_B,0.19117647058823528
3ski_B,0.19117647058823528
3slm_A,0.19117647058823528
3skz_A,0.19117647058823528
3ski_A,0.19117647058823528
3slq_A,0.19117647058823528
6p2h_A,0.18840579710144928
5ob3_A,0.18840579710144928
7l0z_G,0.18840579710144928
4xwf_A,0.1875
4xw7_A,0.1875
4lx5_A,0.18309859154929578
5kpy_A,0.18309859154929578
4lx6_A,0.18309859154929578
4w2i_CW,0.18055555555555555
4znp_A,0.1780821917808219
4w2i_AW,0.17567567567567569
7tql_3,0.17333333333333334
3q3z_A,0.17333333333333334
3q3z_V,0.17333333333333334
4w2i_AX,0.17105263157894737
1evv_A,0.17105263157894737
1i9v_A,0.17105263157894737
4y1m_A,0.17105263157894737
1tn1_A,0.17105263157894737
5o61_BW,0.17105263157894737
1tn2_A,0.17105263157894737
2hop_A,0.17105263157894737
3d2x_B,0.16883116883116883
5d5l_D,0.16883116883116883
6ofx_5,0.16883116883116883
5d5l_B,0.16883116883116883
4jf2_A,0.16883116883116883
5uyp_W,0.16883116883116883
5uym_W,0.16883116883116883
3d2v_A,0.16883116883116883
3d2g_B,0.16883116883116883
2cky_B,0.16883116883116883
5uyl_W,0.16883116883116883
5afi_v,0.16883116883116883
5d5l_C,0.16883116883116883
3d2v_B,0.16883116883116883
5d5l_A,0.16883116883116883
5we4_v,0.16883116883116883
5uyq_W,0.16883116883116883
3d2g_A,0.16883116883116883
3d2x_A,0.16883116883116883
2cky_A,0.16883116883116883
7td7_A,0.16666666666666666
7tzt_A,0.16455696202531644
4nyg_A,0.16455696202531644
2hol_A,0.16455696202531644
2hoj_A,0.16455696202531644
7tzu_A,0.16455696202531644
4nyb_A,0.1625
7tdb_A,0.1625
2gdi_X,0.1625
4nya_B,0.1625
7tzr_X,0.1625
2hom_A,0.1625
4qvi_B,0.1625
7tda_A,0.1625
7tdc_A,0.1625
4nya_A,0.1625
7tzr_Y,0.1625
2gdi_Y,0.1625
7kvu_G,0.1566265060240964
2hoo_A,0.1566265060240964
4yb0_A,0.1566265060240964
7kvt_B,0.1566265060240964
7kvv_D,0.1566265060240964
4yb0_R,0.1566265060240964
4p5j_A,0.15476190476190477
4yaz_R,0.15476190476190477
4yaz_A,0.15476190476190477
4q9r_R,0.15476190476190477
4q9q_R,0.15476190476190477
4kzd_R,0.15476190476190477
1m90_5,0.15384615384615385
3k0j_E,0.14942528735632185
3k0j_F,0.14942528735632185
4lvy_A,0.14606741573033707
6q57_A,0.14606741573033707
3sd3_A,0.14606741573033707
4lvx_A,0.14606741573033707
4lvv_A,0.14606741573033707
5t83_A,0.14444444444444443
3irw_R,0.14285714285714285
4yb1_R,0.14285714285714285
5fjc_A,0.14285714285714285
3muv_R,0.14285714285714285
3mxh_R,0.14130434782608695
3mum_R,0.14130434782608695
3mur_R,0.14130434782608695
6cc3_B,0.14130434782608695
3mut_R,0.14130434782608695
5fk4_A,0.13978494623655913
3iwn_A,0.13978494623655913
3iwn_B,0.13978494623655913
5fk3_A,0.13978494623655913
7eaf_A,0.13978494623655913
3gx6_A,0.13829787234042554
5fkg_A,0.13829787234042554
3gx3_A,0.13829787234042554
3gx5_A,0.13829787234042554
5fkd_A,0.13829787234042554
3iqn_A,0.13829787234042554
5fke_A,0.13829787234042554
5fk5_A,0.13829787234042554
2gis_A,0.13829787234042554
2ydh_A,0.13829787234042554
5fkh_A,0.13829787234042554
3iqr_A,0.13829787234042554
4aob_A,0.13829787234042554
3gx2_A,0.13829787234042554
5fk6_A,0.13829787234042554
4b5r_A,0.13829787234042554
5fk1_A,0.13829787234042554
5fkf_A,0.13829787234042554
3gx7_A,0.13829787234042554
5fk2_A,0.13829787234042554
6cc1_A,0.13829787234042554
2ygh_A,0.1368421052631579
6xko_A,0.1368421052631579
4w92_C,0.13541666666666666
4l81_A,0.13541666666666666
6xkn_A,0.13541666666666666
4oqu_A,0.13402061855670103
6cb3_A,0.13131313131313133
6cb3_B,0.13131313131313133
4rzd_A,0.13131313131313133
6cc1_B,0.13
4y1i_A,0.13
6ck5_B,0.13
4y1j_A,0.13
4y1j_B,0.13
3sux_X,0.12871287128712872
3suh_X,0.12871287128712872
4w90_C,0.12871287128712872
6ck4_A,0.12871287128712872
6ck4_D,0.12871287128712872
6dmd_B,0.12745098039215685
6dmc_A,0.12745098039215685
6dmd_A,0.12745098039215685
6dmc_B,0.12745098039215685
6dme_A,0.12745098039215685
4y1m_B,0.12149532710280374
6dlq_A,0.12149532710280374
6dlr_A,0.12149532710280374
6dlt_A,0.12149532710280374
6dls_A,0.12149532710280374
6ck4_C,0.12037037037037036
6ck4_B,0.12037037037037036
6ck5_A,0.12037037037037036
4qlm_A,0.12037037037037036
3f2x_X,0.11926605504587157
3f2w_X,0.11926605504587157
3f2t_X,0.11926605504587157
3f2q_X,0.11926605504587157
3f30_X,0.11926605504587157
3f2y_X,0.11926605504587157
4qln_A,0.11403508771929824
4qk9_A,0.1111111111111111
5v8i_1B,0.11016949152542373
4kqy_A,0.1092436974789916
6uet_A,0.1092436974789916
7rqd_1B,0.10833333333333334
7rqe_1B,0.10833333333333334
4y4o_1B,0.10833333333333334
6cfk_1B,0.10833333333333334
4zer_1B,0.10833333333333334
8t8c_1B,0.10833333333333334
7rqc_1B,0.10833333333333334
8fc1_1B,0.10833333333333334
6cfl_1B,0.10833333333333334
7rqa_1B,0.10833333333333334
8fc6_1B,0.10833333333333334
7rqb_1B,0.10833333333333334
4qka_A,0.10833333333333334
6czr_1B,0.10833333333333334
8fc5_1B,0.10833333333333334
8fc4_1B,0.10833333333333334
8fc2_1B,0.10833333333333334
8t8b_1B,0.10833333333333334
6xhx_1B,0.10833333333333334
7md7_1B,0.10833333333333334
8fc3_1B,0.10833333333333334
8uiw_N,0.10655737704918032
5ibb_1J,0.10655737704918032
4qk8_A,0.10655737704918032
6n5s_A,0.10569105691056911
8uta_N,0.10569105691056911
6wtl_A,0.10483870967741936
6wtr_A,0.104
6n5k_A,0.104
6n5n_A,0.104
3v7e_D,0.10317460317460317
6n5o_A,0.10317460317460317
3v7e_C,0.10317460317460317
6n5t_A,0.10317460317460317
6n5p_A,0.10236220472440945
8uta_R,0.1015625
8uiw_R,0.1015625
6n5q_A,0.1015625
3g8t_Q,0.09219858156028368
3g8t_R,0.09219858156028368
2nz4_P,0.09219858156028368
3l3c_P,0.09219858156028368
3l3c_Q,0.09219858156028368
6ypu_4,0.08904109589041095
5ndv_4,0.08280254777070063
5ndw_4,0.08227848101265822
3diq_A,0.07471264367816093
3dim_A,0.07471264367816093
3dig_X,0.07471264367816093
3dil_A,0.07471264367816093
3dio_X,0.07471264367816093
3dir_A,0.07471264367816093
6gyv_A,0.06914893617021277
7zj4_E,0.034759358288770054
4e8k_A,0.03350515463917526
4e8t_A,0.03350515463917526
7yc8_N,0.03350515463917526
4e8v_A,0.033419023136246784
6t3r_A,0.033419023136246784
7yci_N,0.033419023136246784
4far_A,0.03333333333333333
4faw_A,0.03333333333333333
6t3k_A,0.03333333333333333
4fau_A,0.03324808184143223
4fax_A,0.03316326530612245
4e8p_A,0.03307888040712468
4e8q_A,0.03307888040712468
7ych_N,0.03307888040712468
4fb0_A,0.03307888040712468
7ycg_N,0.03307888040712468
4e8r_A,0.03307888040712468
6t3s_A,0.03307888040712468
4e8n_A,0.03307888040712468
4e8m_A,0.03299492385786802
6t3n_A,0.03299492385786802
4faq_A,0.03282828282828283
8i7n_N,0.03110047846889952
8cgi_A,0.02826086956521739
8cf8_A,0.02826086956521739
8cvo_A,0.027600849256900213
8cf1_A,0.026804123711340205
8ca7_A,0.025896414342629483
4r0d_A,0.02106969205834684
6chr_A,0.020933977455716585
7p2e_A,0.013742071881606765
7qi6_AA,0.013626834381551363
8any_AA,0.013626834381551363
7qi5_AA,0.013626834381551363
7qi4_AA,0.013626834381551363
6rw4_A,0.013612565445026177
6rw5_A,0.013612565445026177
6ydw_AA,0.013541666666666667
7nsj_AA,0.013541666666666667
7nql_AA,0.013541666666666667
7nqh_AA,0.013541666666666667
6gaz_AA,0.013541666666666667
6ydp_AA,0.013541666666666667
6gaw_AA,0.013541666666666667
7nsi_AA,0.013541666666666667
8cgu_A,0.012416427889207259
8cgr_A,0.012264150943396227
6az3_2,0.012059369202226345
8cai_A,0.011669658886894075
8cgj_A,0.011504424778761062
5tcu_A,0.008879781420765027
2uxd_A,0.00876010781671159
5el6_13,0.008689839572192513
5el7_13,0.008689839572192513
4w2i_AA,0.008689839572192513
4wsd_13,0.008678237650200267
4wsd_1G,0.008678237650200267
4tua_XA,0.008666666666666666
4l71_XA,0.008666666666666666
4tud_XA,0.008666666666666666
6xqe_1a,0.008666666666666666
4lsk_XA,0.008666666666666666
4p6f_QA,0.008666666666666666
1vvj_QA,0.008666666666666666
4tua_QA,0.008666666666666666
4l47_QA,0.008666666666666666
6of6_XA,0.008666666666666666
4p6f_XA,0.008666666666666666
6of6_QA,0.008666666666666666
4tue_XA,0.008666666666666666
6oj2_XA,0.008666666666666666
8ev7_1a,0.008666666666666666
4tud_QA,0.008666666666666666
4tub_XA,0.008666666666666666
4lt8_QA,0.008666666666666666
4lnt_QA,0.008666666666666666
6xqd_1a,0.008666666666666666
4l47_XA,0.008666666666666666
4lt8_XA,0.008666666666666666
4l71_QA,0.008666666666666666
4lsk_QA,0.008666666666666666
4tue_QA,0.008666666666666666
4lnt_XA,0.008666666666666666
8ev6_1a,0.008666666666666666
4p70_XA,0.008666666666666666
6oj2_QA,0.008666666666666666
4tub_QA,0.008666666666666666
4p70_QA,0.008666666666666666
4lel_XA,0.008666666666666666
1vvj_XA,0.008660892738174551
4v8f_BA,0.008655126498002663
4v8f_CA,0.008655126498002663
8ev6_2a,0.008649367930805056
4v8j_CA,0.008649367930805056
4w2i_CA,0.008649367930805056
6xqd_2a,0.008649367930805056
6xqe_2a,0.008649367930805056
8ev7_2a,0.008649367930805056
4v5g_AA,0.008643617021276596
4v8j_AA,0.008643617021276596
4v51_AA,0.008643617021276596
4v5g_CA,0.008643617021276596
4v5d_AA,0.008643617021276596
6ord_XA,0.008643617021276596
4wra_1G,0.008643617021276596
4v5c_CA,0.008643617021276596
4v51_CA,0.008643617021276596
4v97_AA,0.008643617021276596
4wt8_Bb,0.008643617021276596
4v97_CA,0.008643617021276596
7lh5_AA,0.008643617021276596
7lh5_CA,0.008643617021276596
4v5d_CA,0.008643617021276596
4wt8_Ab,0.008643617021276596
4v5c_AA,0.008643617021276596
6car_A,0.008637873754152824
2hhh_A,0.008637873754152824
4wra_13,0.008637873754152824
8crx_A,0.008637873754152824
5el7_1G,0.008632138114209827
4v9a_CA,0.008632138114209827
7dug_A,0.008632138114209827
5ibb_1G,0.008632138114209827
4v9a_AA,0.008632138114209827
4v8c_DA,0.008632138114209827
4khp_A,0.008632138114209827
7duk_A,0.008632138114209827
7dul_A,0.008632138114209827
4v8c_CA,0.008632138114209827
6caq_A,0.008632138114209827
7duj_A,0.008632138114209827
6cap_A,0.008632138114209827
4v9b_AA,0.008632138114209827
1ibk_A,0.008632138114209827
4v9b_CA,0.008632138114209827
7dui_A,0.008632138114209827
1hnz_A,0.008626410086264101
6mkn_A,0.008626410086264101
1xnr_A,0.008626410086264101
1xnq_A,0.008626410086264101
6mpi_A,0.008626410086264101
1ibl_A,0.008626410086264101
5el6_1G,0.008626410086264101
1hnw_A,0.008626410086264101
6dti_A,0.008626410086264101
1xmo_A,0.008626410086264101
2f4v_A,0.008626410086264101
4yhh_A,0.008626410086264101
6mpf_A,0.008620689655172414
5ndj_13,0.008620689655172414
5ib7_1G,0.008620689655172414
5ndk_13,0.008620689655172414
4aqy_A,0.008609271523178808
4lf8_A,0.008609271523178808
4lf7_A,0.008609271523178808
4lf6_A,0.008609271523178808
4w29_AA,0.008603573792190603
6cas_A,0.008597883597883597
5wnv_A,0.008597883597883597
4lfb_A,0.008597883597883597
4dr4_A,0.008597883597883597
4lfa_A,0.008597883597883597
4x64_A,0.008597883597883597
4x65_A,0.008597883597883597
5br8_A,0.008597883597883597
7duh_A,0.008597883597883597
2uub_A,0.008597883597883597
6cao_A,0.008597883597883597
2uua_A,0.008597883597883597
4lf9_A,0.008597883597883597
4x62_A,0.008597883597883597
2uuc_A,0.008597883597883597
5wnu_A,0.008597883597883597
4x66_A,0.008597883597883597
4lfc_A,0.008597883597883597
5wnt_A,0.008597883597883597
4dr2_A,0.008597883597883597
2uu9_A,0.008597883597883597
2uxc_A,0.008592200925313946
5ndj_1G,0.008592200925313946
3t1y_A,0.008592200925313946
2vqe_A,0.008592200925313946
4gkk_A,0.008592200925313946
4lf4_A,0.008592200925313946
4lf5_A,0.008592200925313946
1n32_A,0.008592200925313946
5ndk_1G,0.008592200925313946
2uxb_A,0.008592200925313946
3t1h_A,0.008592200925313946
1n33_A,0.008592200925313946
2vqf_A,0.008592200925313946
4gkj_A,0.008592200925313946
1i97_A,0.008586525759577279
1i95_A,0.008586525759577279
5a9z_BA,0.008580858085808581
5aa0_BA,0.008580858085808581
4jya_A,0.008575197889182058
7k00_A,0.008558262014483212
7oiz_A,0.008558262014483212
8g6w_A,0.008558262014483212
8emm_A,0.008558262014483212
8aye_A,0.008558262014483212
8eiu_A,0.008558262014483212
8ifc_A,0.008558262014483212
8ifb_A,0.008558262014483212
8ekc_a,0.008507853403141362
7ryg_a,0.008507853403141362
7ryh_a,0.008507853403141362
7m4u_a,0.008507853403141362
7m4w_a,0.008507853403141362
7m4x_a,0.008507853403141362
7m4y_a,0.008507853403141362
8g7r_a,0.008507853403141362
8syl_a,0.008507853403141362
7ryf_a,0.008507853403141362
8g7q_a,0.008502289077828646
4v52_AA,0.00849673202614379
4v55_CA,0.00849673202614379
4v64_AA,0.00849673202614379
4v55_AA,0.00849673202614379
4v5y_AA,0.00849673202614379
4v64_CA,0.00849673202614379
4v4h_AA,0.00849673202614379
4v5y_CA,0.00849673202614379
4v57_AA,0.00849673202614379
4v52_CA,0.00849673202614379
4v53_AA,0.00849673202614379
4v57_CA,0.00849673202614379
4v53_CA,0.00849673202614379
4v4h_CA,0.00849673202614379
5j88_BA,0.008480104370515329
5it8_BA,0.008480104370515329
7b5k_a,0.008480104370515329
4ybb_BA,0.008480104370515329
5j7l_BA,0.008480104370515329
5iqr_2,0.008480104370515329
5jc9_BA,0.008480104370515329
6i7v_BA,0.008480104370515329
5j5b_BA,0.008480104370515329
5j91_BA,0.008480104370515329
5j8a_BA,0.008480104370515329
5jc9_AA,0.00847457627118644
5j7l_AA,0.00847457627118644
5j8a_AA,0.00847457627118644
5j88_AA,0.00847457627118644
4ybb_AA,0.00847457627118644
5it8_AA,0.00847457627118644
5j5b_AA,0.00847457627118644
5j91_AA,0.00847457627118644
4woi_AA,0.008452535760728219
4v9c_CA,0.008452535760728219
4wf1_CA,0.008447043534762833
4v9c_AA,0.008447043534762833
4woi_DA,0.008447043534762833
7pjs_a,0.008441558441558441
7pjv_a,0.008441558441558441
7pjy_a,0.008441558441558441
6az3_1,0.008024691358024692
8b2l_h1,0.007995079950799507
8auv_h,0.007995079950799507
5ndv_6,0.007724301841948901
5ndg_2,0.007701421800947867
5ndg_6,0.007647058823529412
5obm_2,0.007593457943925234
5ndv_2,0.007593457943925234
5obm_6,0.007475560667050029
6qzp_S2,0.007471264367816092
8ifd_2m,0.007462686567164179
4u4o_2,0.0074285714285714285
6az1_1,0.007386363636363636
7o7y_A2,0.007344632768361582
8btk_A2,0.007344632768361582
7o7z_A2,0.007344632768361582
5ndw_2,0.007344632768361582
8p2k_A2,0.007344632768361582
6ddd_1,0.0049130763416477706
6ddg_1,0.0049130763416477706
6wru_1,0.004878048780487805
4wfn_X,0.004850746268656716
3dll_X,0.004839910647803425
6wqn_1,0.004838109415705247
8cgv_a,0.004838109415705247
6wqq_1,0.004818383988139363
6wrs_1,0.004818383988139363
8cgk_a,0.004816598740274175
5hl7_X,0.004805914972273568
4wfb_X,0.004802364240857037
5nrg_X,0.004798818752307124
4wfa_X,0.004795278495020288
7uvy_A,0.0047723935389133625
4v7w_BA,0.0047706422018348625
4v7w_DA,0.0047706422018348625
7uw1_A,0.004768892149669846
7uvz_A,0.004761904761904762
8ana_a,0.004756677643615075
1p9x_0,0.004747991234477721
8cgd_a,0.004730713245997089
8am9_a,0.004723837209302325
8eiu_a,0.00472212132219397
8ceu_a,0.00472212132219397
8g6x_a,0.00472212132219397
7k00_a,0.00472212132219397
8akn_a,0.00472212132219397
7p3k_a,0.00472212132219397
8emm_a,0.00472212132219397
8ifb_a,0.00472212132219397
8ifc_a,0.00472212132219397
1k73_A,0.004720406681190995
1yjn_0,0.004720406681190995
1nji_A,0.004720406681190995
1yi2_0,0.004720406681190995
3g6e_0,0.004720406681190995
3cxc_0,0.004720406681190995
3cc4_0,0.004720406681190995
3g71_0,0.004720406681190995
3g4s_0,0.004720406681190995
3i56_0,0.004720406681190995
1n8r_A,0.004720406681190995
3jq4_A,0.004701627486437613
2ogo_0,0.004701627486437613
3fwo_A,0.004701627486437613
1xbp_0,0.004699927693420101
1njm_0,0.004699927693420101
1nwx_0,0.004699927693420101
1njn_0,0.004699927693420101
2o45_A,0.004699927693420101
1z58_2,0.004699927693420101
2o43_A,0.004699927693420101
2ogn_0,0.004699927693420101
2o44_A,0.004699927693420101
8fto_a,0.0046982291290206
1jzz_A,0.004686373467916366
1k01_A,0.004686373467916366
1jzx_A,0.004686373467916366
1jzy_A,0.004686373467916366
1j5a_A,0.004686373467916366
5dm7_X,0.004676258992805755
6qul_A,0.004656160458452722
5vp2_2A,0.004642857142857143
6cfj_2A,0.004642857142857143
5doy_2A,0.004642857142857143
6o97_2A,0.004642857142857143
4w2i_DA,0.004642857142857143
8ev6_2A,0.004642857142857143
8ev7_2A,0.004642857142857143
7u2i_2A,0.004642857142857143
4z3s_2A,0.004642857142857143
6nd5_2A,0.004642857142857143
4wt8_C1,0.004631278945493409
4wt8_D1,0.004631278945493409
5ibb_14,0.004626334519572953
4w2i_BA,0.004606661941885188
5ib8_14,0.004601769911504424
5ib7_14,0.0046001415428167025
4v8a_AA,0.004598514326140785
4v8a_BA,0.004598514326140785
4v9q_CA,0.004590395480225989
4v9q_AA,0.004590395480225989
4v53_DB,0.0045758535726856744
4v55_BB,0.0045758535726856744
4v53_BB,0.0045758535726856744
4v57_BB,0.0045758535726856744
4v5y_DB,0.0045758535726856744
4v52_BB,0.0045758535726856744
4v57_DB,0.0045758535726856744
4v52_DB,0.0045758535726856744
4v5y_BB,0.0045758535726856744
4v55_DB,0.0045758535726856744
8syl_A,0.0045694200351493845
4v7v_BA,0.004555010511562719
4v7t_BA,0.004555010511562719
5dox_2A,0.004534356470177886
6cfk_2A,0.004534356470177886
6cfl_2A,0.004534356470177886
8fc4_2A,0.004534356470177886
5wis_1A,0.004528039010797631
5doy_1A,0.004528039010797631
6nd5_1A,0.004528039010797631
8ev6_1A,0.004528039010797631
7u2i_1A,0.004528039010797631
6cfj_1A,0.004528039010797631
5vp2_1A,0.004528039010797631
6o97_1A,0.004528039010797631
8ev7_1A,0.004528039010797631
6cfk_1A,0.004526462395543176
6cfl_1A,0.004526462395543176
5dox_1A,0.004526462395543176
7phb_3,0.004517025712300208
7ood_3,0.0045154567558179926
4w29_DA,0.0045154567558179926
4w29_BA,0.0045154567558179926
6y69_A,0.004502944232767579
5j5b_DA,0.004501385041551247
5j88_DA,0.004501385041551247
5j91_DA,0.004501385041551247
5it8_DA,0.004501385041551247
5jc9_DA,0.004501385041551247
5j8a_DA,0.004501385041551247
5j7l_DA,0.004501385041551247
5a9z_AA,0.004499826929733472
8e48_I,0.004499826929733472
5aa0_AA,0.004499826929733472
4ybb_DA,0.004496713939813214
8e43_I,0.004496713939813214
8e49_I,0.004495159059474412
8e44_I,0.004495159059474412
6v39_AN1,0.004495159059474412
6i7v_DA,0.004490500863557859
7s1h_I,0.004488950276243094
7s1j_I,0.004488950276243094
4v9c_BA,0.0044874007594062825
8crx_a,0.0044874007594062825
4u25_BA,0.0044874007594062825
4u20_DA,0.0044874007594062825
4u20_BA,0.0044874007594062825
6pcs_I,0.0044874007594062825
4u25_DA,0.0044874007594062825
6pc7_I,0.0044874007594062825
4u24_DA,0.0044874007594062825
4woi_CA,0.0044874007594062825
6pcr_I,0.0044874007594062825
8e36_I,0.0044874007594062825
4woi_BA,0.0044874007594062825
6pcq_I,0.0044874007594062825
4v9c_DA,0.0044874007594062825
8cvm_a,0.0044874007594062825
6pc6_I,0.0044874007594062825
6pch_I,0.0044874007594062825
6pc8_I,0.0044874007594062825
6pct_I,0.0044874007594062825
4u24_BA,0.0044874007594062825
8e30_I,0.004485852311939268
5we6_A,0.004482758620689655
5wf0_A,0.004482758620689655
5wdt_A,0.004482758620689655
5wfk_A,0.004482758620689655
5wfs_A,0.004482758620689655
7n30_23,0.0044812133746983795
7n2u_23,0.004479669193659545
7otc_A,0.0044781260764726145
6om6_1,0.0044781260764726145
8peg_7,0.0044781260764726145
7n2c_23,0.0044781260764726145
7n31_23,0.004476584022038568
7n1p_23,0.004476584022038568
7n2v_23,0.004476584022038568
6s0x_A,0.004475043029259896
8a5i_A,0.004470426409903714
5ndj_14,0.00446888965280165
5ndj_1H,0.004464285714285714
7v08_1,0.004353650368385801
7uqz_1,0.004353650368385801
7uqb_1,0.0043463724506853894
7uoo_1,0.0043463724506853894
5ndv_1,0.004223521767381416
5ndg_1,0.004223521767381416
5ndw_5,0.0042207792207792205
5ndv_5,0.004211208292840946
5ndw_1,0.004207119741100324
5obm_1,0.004193548387096774
5v7q_A,0.004169339320076972
5ndg_5,0.004157339302846178
5obm_5,0.004148053605615826
4u3m_1,0.00412829469672912
4u56_1,0.00412829469672912
4u52_1,0.00412829469672912
4u4q_1,0.00412829469672912
5mei_AR,0.00412829469672912
4u4u_1,0.00412829469672912
4u6f_1,0.00412829469672912
5fcj_1,0.00412829469672912
5on6_AR,0.00412829469672912
5mei_1,0.00412829469672912
4u53_1,0.00412829469672912
5on6_1,0.00412829469672912
4u50_1,0.00412829469672912
4u51_1,0.00412829469672912
5dge_1,0.00412829469672912
4u3m_5,0.004126984126984127
5dge_5,0.004126984126984127
4u52_5,0.004126984126984127
4u51_5,0.004126984126984127
4u4u_5,0.004126984126984127
4u50_5,0.004126984126984127
4u4q_5,0.004126984126984127
4u6f_5,0.004126984126984127
4u53_5,0.004126984126984127
7q0p_1,0.0040511062636335304
7q0r_1,0.0040511062636335304
8c3a_1,0.004041032017407522
8c3a_AS,0.004026014245896562
8a3d_A,0.003937007874015748
7ucj_5,0.003715347242069163
8glp_L5,0.0036671368124118475
7uck_5,0.0036661026508742244
8g60_L5,0.0035753575357535755
8g61_L5,0.003554826360404703
8g5z_L5,0.0035278154681139757
8g6j_L5,0.00352685838307108
8ifd_1A,0.003497444175410277
8ife_1A,0.003497444175410277
8g5y_L5,0.0034955633234740524
6qzp_L5,0.0034455340577789558
6y6x_L5,0.0034455340577789558
